ID,Date
786,2020-07-30 08:00:00am
786,2020-07-30 08:00:39am
786,2020-07-30 08:00:47am
786,2020-07-30 02:28:22pm
2148,2020-07-31 01:12:47am
2288,2020-07-31 01:12:49am
2511,2020-07-31 01:14:28am
2288,2020-07-31 01:29:12am
2047,2020-07-31 01:29:21am
2074,2020-07-31 01:29:33am
2027,2020-07-31 02:51:21am
2247,2020-07-31 02:55:50am
2247,2020-07-31 02:57:29am
2247,2020-07-31 03:00:42am
2665,2020-07-31 03:13:02am
3034,2020-07-31 03:17:09am
3250,2020-07-31 03:21:00am
3250,2020-07-31 03:21:01am
3250,2020-07-31 03:21:01am
2438,2020-07-31 03:21:51am
2438,2020-07-31 03:21:57am
2438,2020-07-31 03:21:57am
2438,2020-07-31 03:21:57am
2438,2020-07-31 03:22:03am
2438,2020-07-31 03:22:04am
2438,2020-07-31 03:22:04am
2438,2020-07-31 03:22:04am
2438,2020-07-31 03:22:05am
2438,2020-07-31 03:22:11am
2438,2020-07-31 03:22:11am
2438,2020-07-31 03:22:12am
2438,2020-07-31 03:22:12am
2438,2020-07-31 03:22:12am
2853,2020-07-31 03:22:48am
3119,2020-07-31 03:31:54am
3449,2020-07-31 03:33:10am
3119,2020-07-31 03:33:30am
2416,2020-07-31 03:42:05am
2564,2020-07-31 03:44:29am
2708,2020-07-31 03:52:35am
3109,2020-07-31 03:53:58am
2304,2020-07-31 03:54:05am
2091,2020-07-31 03:54:12am
3350,2020-07-31 03:54:18am
3350,2020-07-31 03:54:48am
3119,2020-07-31 03:54:54am
3350,2020-07-31 03:55:00am
2148,2020-07-31 03:55:26am
2853,2020-07-31 03:55:44am
2452,2020-07-31 03:57:03am
2723,2020-07-31 03:58:20am
2060,2020-07-31 03:59:50am
1979,2020-07-31 04:01:19am
2692,2020-07-31 04:02:25am
2769,2020-07-31 04:02:46am
3459,2020-07-31 04:03:27am
2723,2020-07-31 04:03:34am
2027,2020-07-31 04:03:51am
2268,2020-07-31 04:09:42am
3459,2020-07-31 04:11:17am
2430,2020-07-31 04:15:31am
3440,2020-07-31 04:15:55am
3329,2020-07-31 04:16:05am
2719,2020-07-31 04:18:03am
2524,2020-07-31 04:18:20am
3202,2020-07-31 04:20:36am
2932,2020-07-31 04:22:31am
3214,2020-07-31 04:22:46am
3449,2020-07-31 04:23:42am
3546,2020-07-31 04:25:49am
3139,2020-07-31 04:26:20am
3074,2020-07-31 04:27:37am
3329,2020-07-31 04:28:28am
3103,2020-07-31 04:28:50am
3202,2020-07-31 04:30:24am
3541,2020-07-31 04:31:22am
2767,2020-07-31 04:39:37am
3103,2020-07-31 04:39:49am
2575,2020-07-31 04:40:46am
3329,2020-07-31 04:41:12am
2575,2020-07-31 04:41:44am
2843,2020-07-31 04:43:02am
3329,2020-07-31 04:44:23am
3208,2020-07-31 04:48:28am
2800,2020-07-31 05:03:19am
3342,2020-07-31 05:05:37am
3640,2020-07-31 05:08:09am
3342,2020-07-31 05:08:58am
2024,2020-07-31 05:11:39am
3034,2020-07-31 05:16:01am
3074,2020-07-31 05:24:36am
3202,2020-07-31 05:25:39am
3449,2020-07-31 05:31:55am
3032,2020-07-31 05:32:10am
3032,2020-07-31 05:32:12am
3032,2020-07-31 05:32:12am
2792,2020-07-31 05:33:35am
3152,2020-07-31 05:33:42am
2850,2020-07-31 05:35:14am
9052,2020-07-31 05:39:36am
9052,2020-07-31 05:39:56am
3032,2020-07-31 05:41:22am
2420,2020-07-31 05:46:58am
2849,2020-07-31 05:48:25am
2960,2020-07-31 05:50:39am
2696,2020-07-31 05:51:00am
2788,2020-07-31 05:51:12am
2881,2020-07-31 05:53:05am
2679,2020-07-31 05:55:16am
2679,2020-07-31 05:56:43am
5008,2020-07-31 05:59:06am
2254,2020-07-31 05:59:07am
2254,2020-07-31 05:59:37am
2932,2020-07-31 06:00:11am
2003,2020-07-31 06:02:36am
3192,2020-07-31 06:04:11am
2840,2020-07-31 06:04:32am
2096,2020-07-31 06:04:37am
2096,2020-07-31 06:04:58am
2885,2020-07-31 06:04:58am
2096,2020-07-31 06:05:21am
2885,2020-07-31 06:05:27am
9004,2020-07-31 06:06:12am
2213,2020-07-31 06:06:31am
2191,2020-07-31 06:06:55am
2840,2020-07-31 06:06:56am
4297,2020-07-31 06:07:21am
3337,2020-07-31 06:07:29am
3336,2020-07-31 06:07:38am
1000,2020-07-31 06:07:56am
2000,2020-07-31 06:08:02am
3000,2020-07-31 06:08:09am
2999,2020-07-31 06:08:21am
2500,2020-07-31 06:08:29am
2700,2020-07-31 06:08:36am
2800,2020-07-31 06:08:41am
2213,2020-07-31 06:08:46am
2750,2020-07-31 06:08:56am
2760,2020-07-31 06:09:03am
5111,2020-07-31 06:09:07am
2770,2020-07-31 06:09:09am
2780,2020-07-31 06:09:14am
2790,2020-07-31 06:09:20am
2799,2020-07-31 06:09:27am
2800,2020-07-31 06:09:39am
4000,2020-07-31 06:09:59am
3500,2020-07-31 06:10:09am
2083,2020-07-31 06:10:14am
3400,2020-07-31 06:10:17am
3350,2020-07-31 06:10:31am
3360,2020-07-31 06:10:40am
2893,2020-07-31 06:10:44am
3355,2020-07-31 06:10:51am
3351,2020-07-31 06:10:58am
3350,2020-07-31 06:11:04am
2793,2020-07-31 06:11:38am
3073,2020-07-31 06:13:20am
3151,2020-07-31 06:32:08am
2992,2020-07-31 06:37:08am
2789,2020-07-31 06:46:41am
2787,2020-07-31 06:46:54am
2786,2020-07-31 06:47:06am
3169,2020-07-31 06:51:48am
2516,2020-07-31 07:01:54am
3258,2020-07-31 07:02:27am
9004,2020-07-31 07:04:57am
2653,2020-07-31 07:14:59am
2551,2020-07-31 07:23:43am
2029,2020-07-31 07:27:06am
2027,2020-07-31 07:27:13am
3060,2020-07-31 07:32:36am
3116,2020-07-31 07:41:43am
2581,2020-07-31 07:45:28am
2474,2020-07-31 07:45:47am
2043,2020-07-31 07:53:18am
3039,2020-07-31 08:02:54am
2653,2020-07-31 08:05:49am
5122,2020-07-31 08:12:23am
5122,2020-07-31 08:12:27am
2803,2020-07-31 08:12:31am
3193,2020-07-31 08:14:10am
2796,2020-07-31 08:15:31am
2749,2020-07-31 08:17:49am
2869,2020-07-31 08:38:30am
3193,2020-07-31 08:41:18am
3640,2020-07-31 08:41:23am
3193,2020-07-31 08:41:29am
2468,2020-07-31 08:41:46am
2468,2020-07-31 08:41:46am
2468,2020-07-31 08:42:12am
3153,2020-07-31 08:47:20am
2593,2020-07-31 08:47:22am
3044,2020-07-31 08:47:39am
5036,2020-07-31 08:47:47am
2196,2020-07-31 08:47:49am
2319,2020-07-31 08:47:52am
3087,2020-07-31 08:48:06am
3398,2020-07-31 08:48:07am
3398,2020-07-31 08:48:09am
2949,2020-07-31 08:48:38am
2982,2020-07-31 08:48:57am
2112,2020-07-31 08:50:16am
5031,2020-07-31 08:51:18am
2628,2020-07-31 08:53:04am
5129,2020-07-31 08:57:49am
2304,2020-07-31 09:02:57am
3656,2020-07-31 09:05:26am
2650,2020-07-31 09:11:11am
2051,2020-07-31 09:11:38am
2079,2020-07-31 09:15:24am
3647,2020-07-31 09:16:04am
5032,2020-07-31 09:22:51am
5033,2020-07-31 09:22:57am
3249,2020-07-31 09:23:21am
2721,2020-07-31 09:23:30am
2721,2020-07-31 09:23:35am
5030,2020-07-31 09:25:03am
2026,2020-07-31 09:25:07am
5124,2020-07-31 09:27:20am
3292,2020-07-31 09:27:44am
5046,2020-07-31 09:30:56am
5007,2020-07-31 09:31:46am
3202,2020-07-31 09:32:22am
3250,2020-07-31 09:37:20am
2448,2020-07-31 09:37:36am
3118,2020-07-31 09:40:07am
2001,2020-07-31 09:42:35am
2448,2020-07-31 09:42:47am
2448,2020-07-31 09:42:58am
3258,2020-07-31 09:44:31am
3258,2020-07-31 09:45:34am
3258,2020-07-31 09:47:26am
2815,2020-07-31 09:49:34am
0000,2020-07-31 09:49:42am
5013,2020-07-31 09:50:05am
2364,2020-07-31 09:54:47am
2625,2020-07-31 09:55:26am
1954,2020-07-31 09:56:04am
5046,2020-07-31 09:57:06am
3250,2020-07-31 09:58:17am
2448,2020-07-31 09:59:49am
2813,2020-07-31 10:00:42am
2250,2020-07-31 10:00:43am
2250,2020-07-31 10:00:55am
3104,2020-07-31 10:01:53am
3104,2020-07-31 10:01:57am
2947,2020-07-31 10:02:05am
5101,2020-07-31 10:02:08am
3104,2020-07-31 10:02:08am
2947,2020-07-31 10:02:18am
2947,2020-07-31 10:02:25am
2101,2020-07-31 10:11:58am
2815,2020-07-31 10:12:17am
2478,2020-07-31 10:26:48am
5038,2020-07-31 10:28:07am
2721,2020-07-31 10:28:09am
2723,2020-07-31 10:37:34am
3349,2020-07-31 10:40:11am
2807,2020-07-31 10:41:00am
0000,2020-07-31 10:42:19am
3123,2020-07-31 10:45:37am
2131,2020-07-31 10:49:06am
2957,2020-07-31 10:52:31am
2478,2020-07-31 10:53:10am
2047,2020-07-31 10:53:17am
2957,2020-07-31 10:53:22am
2957,2020-07-31 10:53:47am
3290,2020-07-31 10:53:57am
9047,2020-07-31 10:54:17am
3302,2020-07-31 10:55:24am
3302,2020-07-31 10:56:02am
3104,2020-07-31 10:59:39am
2177,2020-07-31 11:00:16am
3226,2020-07-31 11:01:20am
2355,2020-07-31 11:01:33am
5101,2020-07-31 11:02:55am
2177,2020-07-31 11:04:27am
3091,2020-07-31 11:06:35am
2094,2020-07-31 11:06:48am
2342,2020-07-31 11:08:06am
2141,2020-07-31 11:09:23am
2541,2020-07-31 11:09:24am
2541,2020-07-31 11:09:36am
2104,2020-07-31 11:10:16am
2132,2020-07-31 11:10:28am
2104,2020-07-31 11:10:38am
1972,2020-07-31 11:10:48am
2392,2020-07-31 11:11:34am
2567,2020-07-31 11:14:00am
3033,2020-07-31 11:17:04am
2612,2020-07-31 11:18:50am
9052,2020-07-31 11:21:00am
9025,2020-07-31 11:21:20am
2248,2020-07-31 11:26:38am
2655,2020-07-31 11:27:09am
2957,2020-07-31 11:29:41am
2978,2020-07-31 11:29:48am
2104,2020-07-31 11:30:21am
3569,2020-07-31 11:33:11am
2123,2020-07-31 11:33:36am
3567,2020-07-31 11:34:40am
3567,2020-07-31 11:34:52am
3567,2020-07-31 11:34:54am
3570,2020-07-31 11:35:16am
3581,2020-07-31 11:35:40am
3217,2020-07-31 11:35:48am
3545,2020-07-31 11:36:23am
3590,2020-07-31 11:36:52am
3591,2020-07-31 11:37:03am
3596,2020-07-31 11:37:15am
2619,2020-07-31 11:37:55am
2123,2020-07-31 11:40:14am
3508,2020-07-31 11:40:36am
3507,2020-07-31 11:41:00am
2873,2020-07-31 11:42:31am
0000,2020-07-31 11:44:04am
2104,2020-07-31 11:45:08am
3231,2020-07-31 11:47:14am
2375,2020-07-31 11:49:48am
3091,2020-07-31 11:56:13am
2255,2020-07-31 11:57:52am
1971,2020-07-31 11:58:43am
2207,2020-07-31 12:00:05pm
2907,2020-07-31 12:00:34pm
1987,2020-07-31 12:00:44pm
2108,2020-07-31 12:01:40pm
2108,2020-07-31 12:01:51pm
2207,2020-07-31 12:01:57pm
2335,2020-07-31 12:03:33pm
3091,2020-07-31 12:10:00pm
2177,2020-07-31 12:10:17pm
3258,2020-07-31 12:13:05pm
3258,2020-07-31 12:13:08pm
2099,2020-07-31 12:13:33pm
2348,2020-07-31 12:13:47pm
3091,2020-07-31 12:13:52pm
3241,2020-07-31 12:21:36pm
3104,2020-07-31 12:24:25pm
2679,2020-07-31 12:25:48pm
2680,2020-07-31 12:26:17pm
2660,2020-07-31 12:26:25pm
2660,2020-07-31 12:26:28pm
2532,2020-07-31 12:30:07pm
2541,2020-07-31 12:30:34pm
2532,2020-07-31 12:30:35pm
2532,2020-07-31 12:30:35pm
2532,2020-07-31 12:30:35pm
2541,2020-07-31 12:30:59pm
2749,2020-07-31 12:31:23pm
2431,2020-07-31 12:31:57pm
2532,2020-07-31 12:32:25pm
1952,2020-07-31 12:41:53pm
1952,2020-07-31 12:41:54pm
1952,2020-07-31 12:42:58pm
2123,2020-07-31 12:43:01pm
2208,2020-07-31 12:50:01pm
2208,2020-07-31 12:50:21pm
2348,2020-07-31 12:58:40pm
2705,2020-07-31 01:03:16pm
2541,2020-07-31 01:04:08pm
2650,2020-07-31 01:05:38pm
2650,2020-07-31 01:05:48pm
2650,2020-07-31 01:05:58pm
2650,2020-07-31 01:06:04pm
2650,2020-07-31 01:06:05pm
2650,2020-07-31 01:06:05pm
2650,2020-07-31 01:06:05pm
2650,2020-07-31 01:06:08pm
2650,2020-07-31 01:06:11pm
1948,2020-07-31 01:09:29pm
2104,2020-07-31 01:11:33pm
2422,2020-07-31 01:11:40pm
2217,2020-07-31 01:16:43pm
3091,2020-07-31 01:21:15pm
5140,2020-07-31 01:22:50pm
2034,2020-07-31 01:24:19pm
2177,2020-07-31 01:29:44pm
2655,2020-07-31 01:30:36pm
2264,2020-07-31 01:33:48pm
2264,2020-07-31 01:34:29pm
2930,2020-07-31 01:38:49pm
3091,2020-07-31 01:38:56pm
3241,2020-07-31 01:39:33pm
2033,2020-07-31 01:43:51pm
2033,2020-07-31 01:44:36pm
2033,2020-07-31 01:44:40pm
3501,2020-07-31 01:47:07pm
2312,2020-07-31 01:49:37pm
2033,2020-07-31 01:49:42pm
2312,2020-07-31 01:49:51pm
3115,2020-07-31 01:53:45pm
2141,2020-07-31 01:53:54pm
2021,2020-07-31 01:57:12pm
2021,2020-07-31 01:57:14pm
9052,2020-07-31 01:57:16pm
9025,2020-07-31 01:57:30pm
9010,2020-07-31 01:57:40pm
2458,2020-07-31 01:58:09pm
3693,2020-07-31 01:58:10pm
9011,2020-07-31 01:58:35pm
9052,2020-07-31 01:58:47pm
9000,2020-07-31 01:58:59pm
9061,2020-07-31 01:59:13pm
4050,2020-07-31 01:59:29pm
9025,2020-07-31 01:59:41pm
2943,2020-07-31 01:59:49pm
9035,2020-07-31 01:59:51pm
9040,2020-07-31 02:00:12pm
9042,2020-07-31 02:00:26pm
90463,2020-07-31 02:00:39pm
9052,2020-07-31 02:00:58pm
9052,2020-07-31 02:02:42pm
2111,2020-07-31 02:03:05pm
9049,2020-07-31 02:04:12pm
2705,2020-07-31 02:04:15pm
9042,2020-07-31 02:04:19pm
3325,2020-07-31 02:04:37pm
3325,2020-07-31 02:04:46pm
9049,2020-07-31 02:04:48pm
3325,2020-07-31 02:04:52pm
2140,2020-07-31 02:05:16pm
2250,2020-07-31 02:07:13pm
2250,2020-07-31 02:07:21pm
2250,2020-07-31 02:07:31pm
2765,2020-07-31 02:07:40pm
2679,2020-07-31 02:08:55pm
5101,2020-07-31 02:09:05pm
5101,2020-07-31 02:09:08pm
5101,2020-07-31 02:09:08pm
9041,2020-07-31 02:09:39pm
9042,2020-07-31 02:09:46pm
9043,2020-07-31 02:09:52pm
9044,2020-07-31 02:09:57pm
9045,2020-07-31 02:10:02pm
9046,2020-07-31 02:10:07pm
9047,2020-07-31 02:10:18pm
9048,2020-07-31 02:10:41pm
9049,2020-07-31 02:10:47pm
2978,2020-07-31 02:10:57pm
9050,2020-07-31 02:10:57pm
9051,2020-07-31 02:11:03pm
9052,2020-07-31 02:11:08pm
9052,2020-07-31 02:11:26pm
9053,2020-07-31 02:11:35pm
9052,2020-07-31 02:11:44pm
9052,2020-07-31 02:11:51pm
9054,2020-07-31 02:11:57pm
9060,2020-07-31 02:12:27pm
9054,2020-07-31 02:12:44pm
2207,2020-07-31 02:12:57pm
2207,2020-07-31 02:13:01pm
9070,2020-07-31 02:13:02pm
9063,2020-07-31 02:13:10pm
9045,2020-07-31 02:13:20pm
9011,2020-07-31 02:13:27pm
9014,2020-07-31 02:13:37pm
9015,2020-07-31 02:13:46pm
9052,2020-07-31 02:13:55pm
3115,2020-07-31 02:17:59pm
3193,2020-07-31 02:18:42pm
2226,2020-07-31 02:26:00pm
2226,2020-07-31 02:27:12pm
2226,2020-07-31 02:28:32pm
2226,2020-07-31 02:30:07pm
2705,2020-07-31 02:33:15pm
2226,2020-07-31 02:35:24pm
3332,2020-07-31 02:35:53pm
3193,2020-07-31 02:37:23pm
2793,2020-07-31 02:43:38pm
2476,2020-07-31 02:46:26pm
3073,2020-07-31 02:46:55pm
2541,2020-07-31 02:53:57pm
3091,2020-07-31 03:00:41pm
3091,2020-07-31 03:00:49pm
2917,2020-07-31 03:06:43pm
2717,2020-07-31 03:07:10pm
2532,2020-07-31 03:07:24pm
2431,2020-07-31 03:08:48pm
2132,2020-07-31 03:10:29pm
2936,2020-07-31 03:11:35pm
1359,2020-07-31 03:12:24pm
1456,2020-07-31 03:12:39pm
2695,2020-07-31 03:12:54pm
2978,2020-07-31 03:13:21pm
3501,2020-07-31 03:13:53pm
2047,2020-07-31 03:16:10pm
2047,2020-07-31 03:16:18pm
2769,2020-07-31 03:17:56pm
3569,2020-07-31 03:18:48pm
1948,2020-07-31 03:21:04pm
2705,2020-07-31 03:29:16pm
2760,2020-07-31 03:29:29pm
3015,2020-07-31 03:30:08pm
3091,2020-07-31 03:30:23pm
2713,2020-07-31 03:31:35pm
2713,2020-07-31 03:31:52pm
2377,2020-07-31 03:32:22pm
2231,2020-07-31 03:33:18pm
3177,2020-07-31 03:36:42pm
3177,2020-07-31 03:36:51pm
2231,2020-07-31 03:42:27pm
2014,2020-07-31 03:43:33pm
2894,2020-07-31 03:44:21pm
2177,2020-07-31 03:45:45pm
2129,2020-07-31 03:45:55pm
2129,2020-07-31 03:47:06pm
2852,2020-07-31 03:47:21pm
2694,2020-07-31 03:48:07pm
2743,2020-07-31 03:48:44pm
2220,2020-07-31 03:48:54pm
2220,2020-07-31 03:49:08pm
2688,2020-07-31 03:49:25pm
2688,2020-07-31 03:49:30pm
3003,2020-07-31 03:50:22pm
2041,2020-07-31 03:51:43pm
9048,2020-07-31 03:53:00pm
2810,2020-07-31 03:53:09pm
2810,2020-07-31 03:53:29pm
0000,2020-07-31 03:55:32pm
9052,2020-07-31 03:55:35pm
9054,2020-07-31 03:55:52pm
9025,2020-07-31 03:56:02pm
2123,2020-07-31 03:56:03pm
9052,2020-07-31 03:56:11pm
2062,2020-07-31 03:57:38pm
2062,2020-07-31 03:57:57pm
3104,2020-07-31 03:58:26pm
2349,2020-07-31 03:58:31pm
2810,2020-07-31 03:59:07pm
2293,2020-07-31 03:59:20pm
3108,2020-07-31 04:02:41pm
3003,2020-07-31 04:02:59pm
3003,2020-07-31 04:03:11pm
2765,2020-07-31 04:08:16pm
2335,2020-07-31 04:12:02pm
2248,2020-07-31 04:14:31pm
3329,2020-07-31 04:16:05pm
2094,2020-07-31 04:21:36pm
2755,2020-07-31 04:23:25pm
2112,2020-07-31 04:24:22pm
2755,2020-07-31 04:25:46pm
2755,2020-07-31 04:25:56pm
2705,2020-07-31 04:28:59pm
2430,2020-07-31 04:30:14pm
3501,2020-07-31 04:30:32pm
5101,2020-07-31 04:30:39pm
2430,2020-07-31 04:30:55pm
2705,2020-07-31 04:31:18pm
3501,2020-07-31 04:31:24pm
2992,2020-07-31 04:34:27pm
2992,2020-07-31 04:34:38pm
2992,2020-07-31 04:41:15pm
2104,2020-07-31 04:46:33pm
2868,2020-07-31 04:47:31pm
2868,2020-07-31 04:47:39pm
2834,2020-07-31 04:49:18pm
2834,2020-07-31 04:49:45pm
2446,2020-07-31 04:50:04pm
2834,2020-07-31 04:50:12pm
5101,2020-07-31 04:50:25pm
2564,2020-07-31 04:52:49pm
2123,2020-07-31 04:54:58pm
2132,2020-07-31 04:55:03pm
3091,2020-07-31 04:56:08pm
2943,2020-07-31 04:59:07pm
3108,2020-07-31 05:00:02pm
0000,2020-07-31 05:03:45pm
1450,2020-07-31 05:03:56pm
5043,2020-07-31 05:04:02pm
2074,2020-07-31 05:04:02pm
2074,2020-07-31 05:04:05pm
2188,2020-07-31 05:04:40pm
2188,2020-07-31 05:04:46pm
2954,2020-07-31 05:04:56pm
2312,2020-07-31 05:05:07pm
2288,2020-07-31 05:05:14pm
5124,2020-07-31 05:05:17pm
5070,2020-07-31 05:05:41pm
5070,2020-07-31 05:05:43pm
5009,2020-07-31 05:06:15pm
5009,2020-07-31 05:06:17pm
2811,2020-07-31 05:06:29pm
2207,2020-07-31 05:06:38pm
3091,2020-07-31 05:06:51pm
2581,2020-07-31 05:06:53pm
2834,2020-07-31 05:07:41pm
2099,2020-07-31 05:07:58pm
3091,2020-07-31 05:08:13pm
2001,2020-07-31 05:08:54pm
2706,2020-07-31 05:12:30pm
2706,2020-07-31 05:13:05pm
2701,2020-07-31 05:13:20pm
2701,2020-07-31 05:13:25pm
2701,2020-07-31 05:13:30pm
2701,2020-07-31 05:13:48pm
2706,2020-07-31 05:15:45pm
2706,2020-07-31 05:16:05pm
2123,2020-07-31 05:19:14pm
2334,2020-07-31 05:23:05pm
2123,2020-07-31 05:24:25pm
2123,2020-07-31 05:24:30pm
2125,2020-07-31 05:24:41pm
2334,2020-07-31 05:25:26pm
2446,2020-07-31 05:27:06pm
2943,2020-07-31 05:28:46pm
2094,2020-07-31 05:33:17pm
2612,2020-07-31 05:33:32pm
2834,2020-07-31 05:34:06pm
2027,2020-07-31 05:34:40pm
2027,2020-07-31 05:34:50pm
2027,2020-07-31 05:34:54pm
3091,2020-07-31 05:38:32pm
2974,2020-07-31 05:39:24pm
2207,2020-07-31 05:40:54pm
2207,2020-07-31 05:41:00pm
3108,2020-07-31 05:41:08pm
3108,2020-07-31 05:41:10pm
2177,2020-07-31 05:41:58pm
2694,2020-07-31 05:43:08pm
2529,2020-07-31 05:44:59pm
2694,2020-07-31 05:45:19pm
2694,2020-07-31 05:45:34pm
2123,2020-07-31 05:47:34pm
2977,2020-07-31 05:48:50pm
3205,2020-07-31 05:50:27pm
2298,2020-07-31 05:50:33pm
2298,2020-07-31 05:51:07pm
2978,2020-07-31 05:55:09pm
2706,2020-07-31 05:56:52pm
3091,2020-07-31 05:57:02pm
3091,2020-07-31 05:57:19pm
2803,2020-07-31 05:59:10pm
2665,2020-07-31 06:01:51pm
2094,2020-07-31 06:02:57pm
3108,2020-07-31 06:03:55pm
2298,2020-07-31 06:15:29pm
2298,2020-07-31 06:16:01pm
9052,2020-07-31 06:16:48pm
2490,2020-07-31 06:16:55pm
2492,2020-07-31 06:17:48pm
2298,2020-07-31 06:17:59pm
2026,2020-07-31 06:26:40pm
2207,2020-07-31 06:26:43pm
2312,2020-07-31 06:28:36pm
3123,2020-07-31 06:30:09pm
2033,2020-07-31 06:32:00pm
3515,2020-07-31 06:34:05pm
2337,2020-07-31 06:34:11pm
3151,2020-07-31 06:34:35pm
3151,2020-07-31 06:34:52pm
3200,2020-07-31 06:35:17pm
2441,2020-07-31 06:37:01pm
3116,2020-07-31 06:37:53pm
2458,2020-07-31 06:38:30pm
3281,2020-07-31 06:38:34pm
3281,2020-07-31 06:42:17pm
2177,2020-07-31 06:43:00pm
9056,2020-07-31 06:43:01pm
2813,2020-07-31 06:44:22pm
3033,2020-07-31 06:44:49pm
2705,2020-07-31 06:46:02pm
2532,2020-07-31 06:46:22pm
2478,2020-07-31 06:48:43pm
2478,2020-07-31 06:49:32pm
3051,2020-07-31 06:52:39pm
1996,2020-07-31 06:53:17pm
2101,2020-07-31 06:54:16pm
2718,2020-07-31 06:54:18pm
9042,2020-07-31 06:54:46pm
2431,2020-07-31 06:54:50pm
2215,2020-07-31 06:54:56pm
2050,2020-07-31 06:56:15pm
2664,2020-07-31 06:57:01pm
2664,2020-07-31 06:58:34pm
2215,2020-07-31 07:02:09pm
2131,2020-07-31 07:02:41pm
2468,2020-07-31 07:02:52pm
2215,2020-07-31 07:03:49pm
2210,2020-07-31 07:04:23pm
2047,2020-07-31 07:06:00pm
2371,2020-07-31 07:07:25pm
2112,2020-07-31 07:08:00pm
2590,2020-07-31 07:11:28pm
2396,2020-07-31 07:14:07pm
2394,2020-07-31 07:14:21pm
2302,2020-07-31 07:14:48pm
1973,2020-07-31 07:16:09pm
2877,2020-07-31 07:16:59pm
2394,2020-07-31 07:20:43pm
1952,2020-07-31 07:22:42pm
1949,2020-07-31 07:24:24pm
3077,2020-07-31 07:25:13pm
2877,2020-07-31 07:27:43pm
2877,2020-07-31 07:30:26pm
2822,2020-07-31 07:32:10pm
1949,2020-07-31 07:32:52pm
2392,2020-07-31 07:33:19pm
2843,2020-07-31 07:34:48pm
2375,2020-07-31 07:35:35pm
2478,2020-07-31 07:35:53pm
2208,2020-07-31 07:40:15pm
2153,2020-07-31 07:40:17pm
9065,2020-07-31 07:41:24pm
3693,2020-07-31 07:47:43pm
3647,2020-07-31 07:51:55pm
2108,2020-07-31 07:54:25pm
2132,2020-07-31 07:55:19pm
5081,2020-07-31 07:56:16pm
5081,2020-07-31 07:57:46pm
2214,2020-07-31 08:09:19pm
2919,2020-07-31 08:09:31pm
2099,2020-07-31 08:14:13pm
2843,2020-07-31 08:15:52pm
5001,2020-07-31 08:17:21pm
2724,2020-07-31 08:22:34pm
2261,2020-07-31 08:28:32pm
2761,2020-07-31 08:30:16pm
2179,2020-07-31 08:31:44pm
2271,2020-07-31 08:31:46pm
2271,2020-07-31 08:31:53pm
2179,2020-07-31 08:31:54pm
2834,2020-07-31 08:34:46pm
2834,2020-07-31 08:34:54pm
2655,2020-07-31 08:35:31pm
2047,2020-07-31 08:37:39pm
2281,2020-07-31 08:38:58pm
2655,2020-07-31 08:40:10pm
2478,2020-07-31 08:46:23pm
3118,2020-07-31 08:49:43pm
3647,2020-07-31 08:50:44pm
2814,2020-07-31 08:57:11pm
2271,2020-07-31 09:01:53pm
2841,2020-07-31 09:02:13pm
2814,2020-07-31 09:02:36pm
2814,2020-07-31 09:03:01pm
2035,2020-07-31 09:13:37pm
1991,2020-07-31 09:13:45pm
2035,2020-07-31 09:14:39pm
1954,2020-07-31 09:14:55pm
3572,2020-07-31 09:16:05pm
3572,2020-07-31 09:16:17pm
3094,2020-07-31 09:19:25pm
2576,2020-07-31 09:23:38pm
2394,2020-07-31 09:24:18pm
5014,2020-07-31 09:26:48pm
2110,2020-07-31 09:45:00pm
3104,2020-07-31 09:45:22pm
2220,2020-07-31 09:45:45pm
2795,2020-07-31 09:45:53pm
2365,2020-07-31 09:46:00pm
2220,2020-07-31 09:46:15pm
0001,2020-07-31 09:47:23pm
2000,2020-07-31 09:47:31pm
2010,2020-07-31 09:47:37pm
2402,2020-07-31 09:47:48pm
2011,2020-07-31 09:48:41pm
2220,2020-07-31 09:48:53pm
2111,2020-07-31 09:50:53pm
2111,2020-07-31 09:51:38pm
2018,2020-07-31 09:51:50pm
2052,2020-07-31 09:52:02pm
2018,2020-07-31 09:52:19pm
2010,2020-07-31 09:52:33pm
2062,2020-07-31 09:52:37pm
2000,2020-07-31 09:52:44pm
2110,2020-07-31 09:52:52pm
2048,2020-07-31 09:54:09pm
2111,2020-07-31 09:55:39pm
2519,2020-07-31 09:55:47pm
1972,2020-07-31 09:58:18pm
2398,2020-07-31 10:02:03pm
2258,2020-07-31 10:03:20pm
3292,2020-07-31 10:09:24pm
2407,2020-07-31 10:12:40pm
3350,2020-07-31 10:13:06pm
1968,2020-07-31 10:16:10pm
2679,2020-07-31 10:16:57pm
2381,2020-07-31 10:17:12pm
2055,2020-07-31 10:17:43pm
2052,2020-07-31 10:18:16pm
3261,2020-07-31 10:19:27pm
1954,2020-07-31 10:19:38pm
2614,2020-07-31 10:22:47pm
2835,2020-07-31 10:36:14pm
2335,2020-07-31 10:52:20pm
2349,2020-07-31 11:07:44pm
2335,2020-07-31 11:39:03pm
2489,2020-08-01 12:17:54am
3434,2020-08-01 12:38:48am
3113,2020-08-01 12:46:24am
2484,2020-08-01 01:07:37am
3311,2020-08-01 01:43:09am
2148,2020-08-01 01:56:42am
2111 ,2020-08-01 01:57:24am
2427,2020-08-01 02:02:07am
9056,2020-08-01 02:16:48am
2400,2020-08-01 02:41:20am
2402,2020-08-01 02:52:24am
2141,2020-08-01 02:53:25am
2407,2020-08-01 03:23:13am
2342,2020-08-01 03:23:36am
2407,2020-08-01 03:26:08am
2628,2020-08-01 03:31:12am
2617,2020-08-01 03:33:44am
3078,2020-08-01 03:43:04am
2226,2020-08-01 03:46:02am
2226,2020-08-01 03:46:18am
2226,2020-08-01 03:50:44am
2036,2020-08-01 03:59:35am
2483,2020-08-01 04:02:53am
2036,2020-08-01 04:08:06am
2688,2020-08-01 04:15:24am
9010,2020-08-01 04:26:17am
5008,2020-08-01 04:26:56am
2185,2020-08-01 04:31:13am
2244,2020-08-01 04:55:03am
3434,2020-08-01 05:15:36am
2885,2020-08-01 05:18:55am
1961,2020-08-01 05:29:38am
2741,2020-08-01 05:37:42am
2710,2020-08-01 05:38:34am
2128,2020-08-01 05:44:34am
2128,2020-08-01 05:46:54am
3101,2020-08-01 05:49:27am
2165,2020-08-01 05:49:47am
3693,2020-08-01 05:50:53am
2165,2020-08-01 05:51:18am
2710,2020-08-01 05:54:13am
2616,2020-08-01 05:54:29am
2616,2020-08-01 05:55:45am
3184,2020-08-01 06:00:04am
2589,2020-08-01 06:05:43am
3027,2020-08-01 06:08:25am
2264,2020-08-01 06:17:50am
5143,2020-08-01 06:18:30am
3027,2020-08-01 06:19:23am
3027,2020-08-01 06:19:24am
3027,2020-08-01 06:19:34am
3027,2020-08-01 06:19:34am
2888,2020-08-01 06:22:04am
2888,2020-08-01 06:22:20am
2185,2020-08-01 06:22:40am
2888,2020-08-01 06:22:55am
2888,2020-08-01 06:23:53am
2186,2020-08-01 06:24:27am
2185,2020-08-01 06:24:40am
2888,2020-08-01 06:25:14am
2888,2020-08-01 06:25:14am
2888,2020-08-01 06:25:37am
5103,2020-08-01 06:30:38am
 2759,2020-08-01 06:40:37am
 2759,2020-08-01 06:40:51am
2950,2020-08-01 06:46:14am
2721,2020-08-01 06:46:21am
2950,2020-08-01 06:46:41am
2950,2020-08-01 06:47:00am
2574,2020-08-01 06:47:12am
2950,2020-08-01 06:47:30am
2950,2020-08-01 06:47:54am
2950,2020-08-01 06:48:02am
2574,2020-08-01 06:48:11am
2950,2020-08-01 06:48:22am
2950,2020-08-01 06:48:44am
3080,2020-08-01 06:48:53am
2950,2020-08-01 06:49:33am
2950,2020-08-01 06:54:03am
3080,2020-08-01 06:54:33am
2950,2020-08-01 06:54:46am
2950,2020-08-01 06:56:56am
1949,2020-08-01 06:58:05am
2759,2020-08-01 06:58:10am
2950,2020-08-01 06:59:00am
2920,2020-08-01 07:01:12am
2165,2020-08-01 07:01:23am
1965,2020-08-01 07:01:27am
3107,2020-08-01 07:01:40am
2950,2020-08-01 07:03:37am
2425,2020-08-01 07:04:36am
2951,2020-08-01 07:05:33am
1987,2020-08-01 07:05:40am
2951,2020-08-01 07:06:00am
2721,2020-08-01 07:06:16am
2255,2020-08-01 07:07:12am
2332,2020-08-01 07:09:07am
3160,2020-08-01 07:11:06am
9042,2020-08-01 07:11:25am
2337,2020-08-01 07:12:51am
2337,2020-08-01 07:15:24am
2337,2020-08-01 07:15:33am
2721,2020-08-01 07:16:16am
2758,2020-08-01 07:21:31am
2758,2020-08-01 07:22:44am
2518,2020-08-01 07:28:31am
2178,2020-08-01 07:29:05am
2577,2020-08-01 07:42:17am
2366,2020-08-01 07:48:24am
2905,2020-08-01 07:49:20am
2501,2020-08-01 07:49:55am
2501,2020-08-01 07:51:41am
2562,2020-08-01 07:57:29am
9011,2020-08-01 07:57:51am
2950,2020-08-01 08:04:33am
2822,2020-08-01 08:08:19am
2616,2020-08-01 08:09:29am
2822,2020-08-01 08:12:28am
3300,2020-08-01 08:14:43am
2587,2020-08-01 08:21:26am
2062,2020-08-01 08:22:17am
2391,2020-08-01 08:28:17am
2942,2020-08-01 08:28:36am
2043,2020-08-01 08:34:25am
1956,2020-08-01 08:37:05am
1956,2020-08-01 08:37:53am
2919,2020-08-01 08:45:08am
2166,2020-08-01 08:45:31am
2166,2020-08-01 08:46:02am
2620,2020-08-01 08:47:01am
2166,2020-08-01 08:48:00am
2647,2020-08-01 08:49:01am
2648,2020-08-01 08:50:01am
3267,2020-08-01 08:53:05am
2248,2020-08-01 08:58:01am
3199,2020-08-01 09:08:40am
2213,2020-08-01 09:14:17am
2213,2020-08-01 09:17:59am
2569,2020-08-01 09:26:57am
2366,2020-08-01 09:27:12am
2589,2020-08-01 09:28:22am
3476,2020-08-01 09:31:24am
2254,2020-08-01 09:39:07am
2254,2020-08-01 09:39:13am
2254,2020-08-01 09:41:15am
2254,2020-08-01 09:42:45am
2384,2020-08-01 09:44:14am
3219,2020-08-01 09:44:56am
3219,2020-08-01 09:45:24am
3219,2020-08-01 09:45:42am
5048,2020-08-01 09:48:00am
3219,2020-08-01 10:17:57am
2377,2020-08-01 10:23:21am
3691,2020-08-01 10:28:47am
3691,2020-08-01 10:29:36am
1949,2020-08-01 10:31:53am
3015,2020-08-01 10:35:50am
3015,2020-08-01 10:36:18am
5150,2020-08-01 10:38:14am
2125,2020-08-01 10:38:26am
3143,2020-08-01 10:39:27am
2695,2020-08-01 10:42:42am
3115,2020-08-01 10:47:35am
2827,2020-08-01 10:54:28am
2129,2020-08-01 11:22:54am
2962,2020-08-01 11:23:57am
3428,2020-08-01 11:24:14am
3428,2020-08-01 11:24:52am
2694,2020-08-01 11:29:19am
2530,2020-08-01 11:31:18am
3219,2020-08-01 11:48:15am
2166,2020-08-01 11:48:38am
2233,2020-08-01 11:51:29am
2221,2020-08-01 11:52:38am
2263,2020-08-01 11:55:22am
2930,2020-08-01 12:09:40pm
2930,2020-08-01 12:10:09pm
2831,2020-08-01 12:10:45pm
2831,2020-08-01 12:10:45pm
2576,2020-08-01 12:10:48pm
2930,2020-08-01 12:11:02pm
2831,2020-08-01 12:11:47pm
5139,2020-08-01 12:14:37pm
3399,2020-08-01 12:22:30pm
2541,2020-08-01 12:25:46pm
2541,2020-08-01 12:25:57pm
2844,2020-08-01 12:27:07pm
5139,2020-08-01 12:27:40pm
5103,2020-08-01 12:34:58pm
2000,2020-08-01 12:36:19pm
1956595646,2020-08-01 12:36:30pm
2021,2020-08-01 12:40:01pm
2021,2020-08-01 12:40:03pm
2436,2020-08-01 12:41:10pm
2850,2020-08-01 12:49:21pm
5129,2020-08-01 12:56:44pm
3000,2020-08-01 12:59:53pm
2191,2020-08-01 01:01:47pm
3231,2020-08-01 01:13:20pm
2104,2020-08-01 01:14:53pm
2950,2020-08-01 01:19:49pm
5129,2020-08-01 01:21:44pm
5129,2020-08-01 01:21:51pm
3348,2020-08-01 01:29:31pm
5142,2020-08-01 01:29:41pm
3428,2020-08-01 01:31:51pm
2950,2020-08-01 01:38:40pm
2950,2020-08-01 01:38:55pm
2950,2020-08-01 01:39:00pm
2950,2020-08-01 01:40:02pm
3605,2020-08-01 01:45:54pm
3522,2020-08-01 01:48:32pm
2375,2020-08-01 01:56:56pm
5038,2020-08-01 01:57:54pm
2432,2020-08-01 01:58:56pm
2432,2020-08-01 01:59:55pm
2676,2020-08-01 02:03:54pm
2818,2020-08-01 02:14:31pm
5056,2020-08-01 02:39:43pm
2128,2020-08-01 02:51:17pm
2101,2020-08-01 02:59:23pm
2443,2020-08-01 03:08:28pm
2013,2020-08-01 03:10:13pm
2873,2020-08-01 03:19:53pm
3179,2020-08-01 03:21:40pm
2184,2020-08-01 03:28:47pm
2022,2020-08-01 03:36:33pm
3318,2020-08-01 03:37:43pm
3318,2020-08-01 03:37:58pm
2437,2020-08-01 03:38:46pm
3194,2020-08-01 03:43:20pm
2950,2020-08-01 03:47:32pm
2590,2020-08-01 03:48:17pm
2000,2020-08-01 03:49:01pm
7860,2020-08-01 03:49:17pm
2786,2020-08-01 03:49:28pm
2950,2020-08-01 03:49:46pm
2982,2020-08-01 03:54:43pm
2315,2020-08-01 03:54:45pm
2881,2020-08-01 03:55:26pm
2221,2020-08-01 04:15:01pm
2377,2020-08-01 04:16:08pm
3194,2020-08-01 04:23:32pm
5028,2020-08-01 04:25:23pm
5144,2020-08-01 04:27:01pm
2656,2020-08-01 04:36:03pm
5083,2020-08-01 04:36:05pm
2246,2020-08-01 04:56:20pm
2446,2020-08-01 04:56:43pm
3194,2020-08-01 04:58:19pm
2803,2020-08-01 04:59:24pm
3396,2020-08-01 05:01:22pm
2795,2020-08-01 05:07:20pm
9006,2020-08-01 05:12:14pm
5051,2020-08-01 05:22:01pm
5101,2020-08-01 05:23:41pm
3016,2020-08-01 05:30:03pm
2983,2020-08-01 05:31:07pm
2998,2020-08-01 05:44:03pm
2773,2020-08-01 05:46:11pm
3106,2020-08-01 05:47:13pm
3106,2020-08-01 05:47:22pm
2950,2020-08-01 05:47:56pm
2583,2020-08-01 06:05:58pm
2147,2020-08-01 06:11:48pm
2178,2020-08-01 06:17:44pm
2047,2020-08-01 06:33:04pm
2033,2020-08-01 06:36:59pm
2033,2020-08-01 06:41:19pm
2393,2020-08-01 07:09:46pm
2775,2020-08-01 07:09:49pm
9056,2020-08-01 07:14:17pm
2207,2020-08-01 07:43:53pm
2036,2020-08-01 07:57:03pm
2541,2020-08-01 08:08:03pm
2162,2020-08-01 08:09:27pm
2162,2020-08-01 08:10:35pm
3137,2020-08-01 08:17:05pm
3105,2020-08-01 08:31:59pm
2036,2020-08-01 08:35:26pm
2600,2020-08-01 08:42:42pm
2775,2020-08-01 08:43:11pm
2028,2020-08-01 08:44:42pm
3419,2020-08-01 08:49:12pm
3419,2020-08-01 08:49:14pm
2541,2020-08-01 09:00:01pm
2638,2020-08-01 09:42:53pm
2452,2020-08-01 09:49:19pm
2115,2020-08-01 10:11:48pm
3290,2020-08-01 10:33:19pm
2036,2020-08-01 11:15:20pm
2036,2020-08-01 11:15:26pm
2036,2020-08-01 11:32:12pm
2286,2020-08-01 11:37:45pm
9040,2020-08-02 12:04:31am
2583,2020-08-02 12:22:39am
2896,2020-08-02 12:35:05am
2869,2020-08-02 12:35:33am
3610,2020-08-02 12:59:12am
2036,2020-08-02 01:21:33am
2585,2020-08-02 01:42:41am
9040,2020-08-02 02:27:39am
9004,2020-08-02 02:42:01am
2581,2020-08-02 04:40:58am
2273,2020-08-02 05:05:18am
2201,2020-08-02 05:13:23am
2163,2020-08-02 05:18:16am
2422,2020-08-02 06:12:00am
2202,2020-08-02 06:40:58am
3194,2020-08-02 06:59:44am
2473,2020-08-02 07:19:32am
2950,2020-08-02 07:20:49am
2950,2020-08-02 07:21:09am
2950,2020-08-02 07:21:41am
2574,2020-08-02 07:22:30am
2165,2020-08-02 07:22:53am
2950,2020-08-02 07:27:40am
3080,2020-08-02 07:27:53am
2250,2020-08-02 07:53:32am
2250,2020-08-02 07:53:47am
2250,2020-08-02 07:53:52am
3022,2020-08-02 08:02:34am
3022,2020-08-02 08:07:06am
2212,2020-08-02 08:54:06am
3415,2020-08-02 09:01:07am
3522,2020-08-02 09:22:03am
5055,2020-08-02 09:45:31am
5056,2020-08-02 09:45:43am
5055,2020-08-02 09:45:56am
2389,2020-08-02 10:33:29am
2389,2020-08-02 10:36:48am
2810,2020-08-02 10:52:08am
2877,2020-08-02 10:58:10am
3318,2020-08-02 10:59:52am
3022,2020-08-02 12:03:53pm
2339,2020-08-02 12:11:27pm
2667,2020-08-02 12:18:54pm
2950,2020-08-02 12:24:28pm
2950,2020-08-02 12:25:08pm
2950,2020-08-02 12:25:08pm
2950,2020-08-02 12:25:42pm
2950,2020-08-02 12:36:16pm
2950,2020-08-02 12:36:24pm
2950,2020-08-02 12:40:26pm
2950,2020-08-02 12:40:43pm
2950,2020-08-02 01:07:47pm
2760,2020-08-02 01:12:17pm
2520,2020-08-02 02:09:41pm
2377,2020-08-02 02:17:59pm
5038,2020-08-02 02:19:02pm
2377,2020-08-02 02:19:25pm
2215,2020-08-02 02:24:01pm
2701,2020-08-02 02:38:42pm
3194,2020-08-02 03:08:06pm
1949,2020-08-02 03:17:30pm
1999,2020-08-02 03:29:59pm
2048,2020-08-02 03:32:12pm
3194,2020-08-02 04:10:17pm
2349,2020-08-02 04:13:39pm
2349,2020-08-02 04:13:43pm
1999,2020-08-02 04:14:39pm
1999,2020-08-02 04:15:01pm
3144,2020-08-02 04:17:37pm
5058,2020-08-02 04:22:06pm
5058,2020-08-02 04:22:44pm
2446,2020-08-02 04:44:59pm
3545,2020-08-02 05:28:43pm
3545,2020-08-02 05:28:56pm
2567,2020-08-02 05:52:42pm
5641,2020-08-02 06:08:34pm
1222,2020-08-02 06:08:40pm
2220,2020-08-02 06:08:44pm
9056,2020-08-02 06:28:41pm
3046,2020-08-02 06:30:42pm
2064,2020-08-02 06:32:06pm
3293,2020-08-02 06:32:28pm
5103,2020-08-02 06:43:22pm
2947,2020-08-02 06:46:18pm
2947,2020-08-02 06:47:39pm
5051,2020-08-02 06:49:45pm
2111,2020-08-02 07:41:13pm
2043,2020-08-02 07:46:26pm
3046,2020-08-02 07:48:11pm
2355,2020-08-02 08:19:30pm
2357,2020-08-02 08:20:02pm
2356,2020-08-02 08:20:16pm
2358,2020-08-02 08:20:22pm
2000,2020-08-02 08:20:29pm
1000,2020-08-02 08:20:36pm
1260,2020-08-02 08:20:45pm
2006,2020-08-02 08:20:54pm
2007,2020-08-02 08:20:59pm
2008,2020-08-02 08:21:04pm
2009,2020-08-02 08:21:09pm
2476,2020-08-02 08:21:18pm
2479,2020-08-02 08:21:23pm
2490,2020-08-02 08:21:30pm
2498,2020-08-02 08:21:36pm
2560,2020-08-02 08:21:43pm
2564,2020-08-02 08:21:48pm
2569,2020-08-02 08:22:01pm
2550,2020-08-02 08:22:09pm
2590,2020-08-02 08:22:15pm
2593,2020-08-02 08:22:21pm
2595,2020-08-02 08:22:27pm
2983,2020-08-02 09:31:25pm
2234,2020-08-02 09:44:05pm
2279,2020-08-02 10:02:12pm
5047,2020-08-02 10:06:37pm
2450,2020-08-02 10:35:29pm
2127,2020-08-02 11:13:02pm
2027,2020-08-02 11:13:11pm
5011,2020-08-02 11:13:34pm
9047,2020-08-03 01:07:23am
5050,2020-08-03 02:09:10am
2061,2020-08-03 03:34:44am
3347,2020-08-03 04:51:21am
3347,2020-08-03 04:51:33am
3347,2020-08-03 04:51:46am
3362,2020-08-03 04:52:00am
3347,2020-08-03 04:52:21am
3347,2020-08-03 04:53:37am
5052,2020-08-03 05:02:18am
5006,2020-08-03 05:47:30am
2790,2020-08-03 06:27:33am
2790,2020-08-03 06:27:45am
2790,2020-08-03 06:27:46am
3522,2020-08-03 06:32:12am
5008,2020-08-03 06:46:45am
2263,2020-08-03 06:48:51am
2210,2020-08-03 06:56:20am
2950,2020-08-03 07:24:31am
2687,2020-08-03 07:36:00am
3015,2020-08-03 07:44:21am
3015,2020-08-03 07:45:34am
3015,2020-08-03 07:45:46am
3015,2020-08-03 07:46:53am
2345,2020-08-03 07:53:23am
2140,2020-08-03 07:53:37am
2761,2020-08-03 08:24:08am
3194,2020-08-03 08:30:34am
2164,2020-08-03 08:35:46am
3015,2020-08-03 09:14:26am
3015,2020-08-03 09:15:24am
3313,2020-08-03 09:28:37am
3313,2020-08-03 09:28:54am
3313,2020-08-03 09:32:06am
3313,2020-08-03 09:32:20am
3313,2020-08-03 09:32:28am
3313,2020-08-03 09:34:55am
9046,2020-08-03 09:42:04am
2317,2020-08-03 11:19:34am
3328,2020-08-03 11:46:11am
3328,2020-08-03 11:47:30am
2795,2020-08-03 12:14:08pm
2950,2020-08-03 12:20:47pm
3022,2020-08-03 12:43:02pm
3522,2020-08-03 01:04:36pm
2950,2020-08-03 01:19:02pm
2573,2020-08-03 01:31:48pm
2573,2020-08-03 01:32:02pm
2573,2020-08-03 01:32:13pm
2377,2020-08-03 01:43:17pm
2950,2020-08-03 01:59:32pm
3653,2020-08-03 02:41:05pm
2950,2020-08-03 02:53:28pm
2950,2020-08-03 03:06:35pm
2312,2020-08-03 03:23:53pm
2943,2020-08-03 03:29:29pm
2478,2020-08-03 03:54:55pm
3110,2020-08-03 04:07:48pm
3110,2020-08-03 04:08:06pm
3653,2020-08-03 04:08:39pm
3110,2020-08-03 04:10:25pm
2590,2020-08-03 04:11:05pm
1982,2020-08-03 04:11:24pm
1000,2020-08-03 04:11:34pm
3764,2020-08-03 04:11:52pm
3111,2020-08-03 04:12:05pm
3112,2020-08-03 04:12:19pm
3110,2020-08-03 04:12:26pm
3110,2020-08-03 04:17:18pm
3110,2020-08-03 04:17:28pm
3654,2020-08-03 04:17:40pm
3428,2020-08-03 04:17:51pm
3112,2020-08-03 04:17:51pm
3653,2020-08-03 04:18:01pm
2146,2020-08-03 04:22:34pm
9006,2020-08-03 04:41:25pm
2260,2020-08-03 04:56:02pm
9056,2020-08-03 05:14:24pm
9056,2020-08-03 05:14:26pm
2616,2020-08-03 05:27:19pm
2130,2020-08-03 06:15:35pm
2130,2020-08-03 06:16:20pm
2130,2020-08-03 06:17:23pm
2781,2020-08-03 06:17:42pm
2036,2020-08-03 06:18:06pm
2130,2020-08-03 06:32:34pm
2310,2020-08-03 06:36:40pm
2130,2020-08-03 06:37:04pm
2130,2020-08-03 06:37:17pm
2950,2020-08-03 06:51:38pm
2950,2020-08-03 06:51:54pm
2603,2020-08-03 06:52:17pm
2036,2020-08-03 06:53:19pm
2603,2020-08-03 06:55:38pm
2950,2020-08-03 06:57:47pm
2036,2020-08-03 07:01:45pm
9017,2020-08-03 07:55:58pm
2843,2020-08-03 07:56:30pm
2930,2020-08-03 08:00:29pm
2843,2020-08-03 08:03:17pm
3403,2020-08-03 08:07:13pm
2263,2020-08-03 08:22:22pm
2932,2020-08-03 09:28:46pm
2932,2020-08-03 09:28:50pm
2478,2020-08-04 02:13:19am
2217,2020-08-04 03:55:00am
0001,2020-08-04 03:58:24am
2216,2020-08-04 03:58:47am
5062,2020-08-04 04:09:32am
2460,2020-08-04 04:44:37am
2619,2020-08-04 05:13:03am
2950,2020-08-04 05:21:52am
5049,2020-08-04 05:55:48am
5008,2020-08-04 05:59:41am
2268,2020-08-04 06:19:51am
3501,2020-08-04 06:31:39am
 5085,2020-08-04 07:44:57am
 5085,2020-08-04 07:45:38am
 5085,2020-08-04 07:48:11am
 5085,2020-08-04 07:48:19am
 5085,2020-08-04 07:48:30am
5085,2020-08-04 07:49:40am
1970,2020-08-04 07:58:13am
1945,2020-08-04 07:59:42am
1945,2020-08-04 07:59:48am
1945,2020-08-04 08:00:02am
3396,2020-08-04 08:01:59am
3396,2020-08-04 08:02:44am
1970,2020-08-04 08:03:26am
2394,2020-08-04 08:49:02am
2035,2020-08-04 08:49:09am
5085,2020-08-04 09:47:02am
2762,2020-08-04 11:12:49am
5140,2020-08-04 11:18:27am
2150,2020-08-04 11:55:24am
2152,2020-08-04 11:55:57am
2235,2020-08-04 11:56:13am
3022,2020-08-04 12:18:10pm
3022,2020-08-04 12:18:36pm
5128,2020-08-04 12:20:52pm
2886,2020-08-04 01:13:54pm
1955,2020-08-04 01:21:32pm
2026,2020-08-04 02:54:55pm
2838,2020-08-04 02:57:41pm
2838,2020-08-04 02:58:10pm
3607,2020-08-04 03:14:43pm
3430,2020-08-04 03:24:56pm
3258,2020-08-04 03:25:54pm
3607,2020-08-04 03:28:12pm
3252,2020-08-04 03:32:17pm
2279,2020-08-04 03:33:41pm
2279,2020-08-04 03:33:50pm
3292,2020-08-04 03:53:28pm
2886,2020-08-04 03:56:04pm
2909,2020-08-04 03:57:51pm
2215,2020-08-04 04:08:23pm
3607,2020-08-04 04:45:50pm
5050,2020-08-04 06:22:53pm
9017,2020-08-04 06:23:58pm
1998,2020-08-04 06:49:51pm
2615,2020-08-04 07:15:54pm
2615,2020-08-04 07:22:33pm
9005,2020-08-04 07:31:03pm
3022,2020-08-04 10:46:16pm
3656,2020-08-04 11:04:08pm
3614,2020-08-04 11:31:25pm
